id,sample_id,repository,link_to_project,commit_hash,short_commit_hash,status
528,5786929,git@github.com:apache/tez.git,https://github.com/apache/tez,d5675c332497c1ac1dedefdf91e87476b5c0d7a9,d5675c3,
535,5789396,git@github.com:apache/tika.git,https://github.com/apache/tika,4131c6e30f2e0eb1feb85e0f7576531d4e830468,4131c6e,
536,5799314,git@github.com:apache/tapestry-5.git,https://github.com/apache/tapestry-5,542950fc0266e8f9be1aacb5d6ba92146ae20f1b,542950f,
546,5812130,git@github.com:apache/tinkerpop.git,https://github.com/apache/tinkerpop,7d9df0f0acf08f9e675ca7b337fc5e0243c09b53,7d9df0f,
551,5822090,git@github.com:apache/uima-ruta.git,https://github.com/apache/uima-ruta,08efb111a775b4ba01cf048ac699aa9c22188325,08efb11,Corrupted
554,5828468,git@github.com:apache/unomi.git,https://github.com/apache/unomi,1745c5221401a05e66ebf80fbe9cce2790442b3a,1745c52,
556,5839091,git@github.com:apache/tomcat.git,https://github.com/apache/tomcat,a9c1a0661198d9ba37c1facd8385fe05d538c4ad,a9c1a06,
578,5857044,git@github.com:apache/uima-uimaj.git,https://github.com/apache/uima-uimaj,e79c33b5a3e4c25afb407e68e98df1829a68e5a7,e79c33b,
588,5875400,git@github.com:apache/usergrid.git,https://github.com/apache/usergrid,ac1e6e4035f9307b871478ed47246cf92cfd5f7f,ac1e6e4,
594,5894781,git@github.com:apache/webservices-xmlschema.git,https://github.com/apache/webservices-xmlschema,f189e891c88298f52f92cfe8f24dccb809e05607,f189e89,Corrupted
598,5898336,git@github.com:apache/xml-graphics-commons.git,https://github.com/apache/xml-graphics-commons,dabbb28ff2d80efad587b84b16c73f54379cd514,dabbb28,
602,5905362,git@github.com:apache/xalan-j.git,https://github.com/apache/xalan-j,cba6d7fe7e93defecb98d155e2a780f8a3f1fbaa,cba6d7f,
614,5938889,git@github.com:apache/zookeeper.git,https://github.com/apache/zookeeper,07c3aaf3d723fb3144c0aedc0c2b655325df70e9,07c3aaf,
618,5935402,git@github.com:apache/zeppelin.git,https://github.com/apache/zeppelin,4219d552349f8f7f3e6de34505b8a8ae9835f98b,4219d55,
625,5971146,git@github.com:apache/tomee.git,https://github.com/apache/tomee,d21933b313aff812fe5188b57bf572a9ad649148,d21933b,
626,6002683,git@github.com:apache/wss4j.git,https://github.com/apache/wss4j,5c2cbd7e7377296edab02ab79fc98b84fb47f825,5c2cbd7,Corrupted
634,6009975,git@github.com:cloudfoundry/java-buildpack-dependency-builder.git,https://github.com/cloudfoundry/java-buildpack-dependency-builder,d15085bcf74312af19ad40bee847e43c3b4e32ee,d15085b,
643,6009432,git@github.com:baidu/Jprotobuf-rpc-socket.git,https://github.com/baidu/Jprotobuf-rpc-socket,4422e24c725eaf1f76646f674718bcc8750a4e1d,4.422E+027,
644,6012953,git@github.com:cloudfoundry/cf-java-client.git,https://github.com/cloudfoundry/cf-java-client,6fabcf647302158b638cf2c44cee389e1df9b964,6fabcf6,
647,6133656,git@github.com:eclipse/dltk.core.git,https://github.com/eclipse/dltk.core,ff5ee79db0c2234347cb3f956de9b31047f43613,ff5ee79,
651,6025409,git@github.com:eclipse/buildship.git,https://github.com/eclipse/buildship,3111a7a9fe3e22d6123366686874ecd42aa2a53a,3111a7a,
652,6051731,git@github.com:eclipse/dawnsci.git,https://github.com/eclipse/dawnsci,1131d5c65e9e8ea98141eecee1743cf1053544f4,1131d5c,
656,6073506,git@github.com:eclipse/ditto.git,https://github.com/eclipse/ditto,7fec826b94f3711f6c6ef6be1685b60bd1a8ccb5,7fec826,
662,6115582,git@github.com:eclipse/eclipse-collections.git,https://github.com/eclipse/eclipse-collections,fa40c9aadbd36fb08f05a60b200e92ace40a7bfd,fa40c9a,
664,6178268,git@github.com:eclipse/egit.git,https://github.com/eclipse/egit,45c1839348e50f1835a3f76e306af8d1a190d617,45c1839,
668,6179479,git@github.com:eclipse/che.git,https://github.com/eclipse/che,c5498c2ac562cd8a2fc79a6bb0446d291f05a201,c5498c2,
704,6216254,git@github.com:eclipse/elk.git,https://github.com/eclipse/elk,9a87764f00d863463b1be6de1920d8aa3c3ade70,9a87764,
706,6221911,git@github.com:eclipse/gemoc-studio.git,https://github.com/eclipse/gemoc-studio,99cf126ad7fe233453b43e14bae906c3fe491462,99cf126,
708,6235781,git@github.com:eclipse/gef.git,https://github.com/eclipse/gef,8f2649b90ab14a1bb010188036d4eedf7586e123,8f2649b,
718,6245494,git@github.com:eclipse/hono.git,https://github.com/eclipse/hono,ec84947227564c6459801f708bdeabd7687a8bf0,ec84947,
731,6257015,git@github.com:eclipse/hawkbit.git,https://github.com/eclipse/hawkbit,51be28147f6f575b6c1ab4a5ef84ffd9174f1209,51be281,
733,6263358,git@github.com:eclipse/ice.git,https://github.com/eclipse/ice,3f6e0265f5b476ff90a660397ce83992944142c4,3f6e026,
734,6267409,git@github.com:eclipse/jgit.git,https://github.com/eclipse/jgit,00523f38a19b073990239b0f837efa14197764c7,00523f3,
746,6328141,git@github.com:eclipse/kapua.git,https://github.com/eclipse/kapua,11e610c657f7e473b52882833e33a2261bd3d67d,11e610c,
758,6306158,git@github.com:eclipse/leshan.git,https://github.com/eclipse/leshan,eb75fc8b7d5560944e6d532f1a09d5e5c6e54559,eb75fc8,
770,6350501,git@github.com:eclipse/linuxtools.git,https://github.com/eclipse/linuxtools,11865e6e7d86a9d2e63c7b25605f6055875e63ad,11865000000,
778,6340836,git@github.com:eclipse/lsp4j.git,https://github.com/eclipse/lsp4j,513a1dd2236c6495e600f644182c16b3cf19dbb2,513a1dd,
780,6424683,git@github.com:eclipse/eclipse.platform.ui.git,https://github.com/eclipse/eclipse.platform.ui,e3bbb556534a1fb945e1036948325d14a8dd9c7a,e3bbb55,
785,6392412,git@github.com:eclipse/nebula.widgets.nattable.git,https://github.com/eclipse/nebula.widgets.nattable,02b4aba0e0b6998077b40e7d3f892743f7005023,02b4aba,
792,6357053,git@github.com:eclipse/m2e-core.git,https://github.com/eclipse/m2e-core,7400bf563885fdf122aaccf356c398a0a9120ffa,7400bf5,Corrupted
801,6432897,git@github.com:eclipse/milo.git,https://github.com/eclipse/milo,e752e540d31eb3c226e6e79dd197c54d7d254685,e752e54,
808,6452606,git@github.com:eclipse/openj9.git,https://github.com/eclipse/openj9,4911084853eb75b20e037c434ad4521b7317ebfb,4911084,
810,6458155,git@github.com:eclipse/packagedrone.git,https://github.com/eclipse/packagedrone,3869c1643cdc6f7cb8b26097a7b6994683b13d7e,3869c16,
822,6445346,git@github.com:eclipse/orion.server.git,https://github.com/eclipse/orion.server,24624b85e0d543e8f3cea2bc30f3f589b37de4f0,24624b8,
840,6493535,git@github.com:eclipse/rdf4j.git,https://github.com/eclipse/rdf4j,6f63df540e30b28e0c8880bea72f85cb88424b03,6f63df5,
843,6494643,git@github.com:eclipse/reddeer.git,https://github.com/eclipse/reddeer,59e55d29fc60a672d79df1ad1578badb8a2f8693,59e55d2,
856,6511935,git@github.com:eclipse/triquetrum.git,https://github.com/eclipse/triquetrum,e4c5834ce3d68bd97820157d426a427dfe8e2a9b,e4c5834,
867,6519143,git@github.com:eclipse/vorto.git,https://github.com/eclipse/vorto,93919469e598ec07fed134536b901efd25cf674f,9391946,
870,6522495,git@github.com:eclipse/smarthome.git,https://github.com/eclipse/smarthome,b8455de15d65512e8fac4e94d42de6ab2fccf1c5,b8455de,
884,6546542,git@github.com:eclipse/n4js.git,https://github.com/eclipse/n4js,f715912fce0352ab574ff878086f77d17a78c908,f715912,
892,6548259,git@github.com:eclipse/rap.git,https://github.com/eclipse/rap,6295da95d01da6669c91bd4b058db9b89f35abaf,6295da9,
925,6594157,git@github.com:epam/DLab.git,https://github.com/epam/DLab,34483ee52cf8b79c4e51a54c82171564e5b8d50a,34483ee,Corrupted
941,6623354,git@github.com:epam/Wilma.git,https://github.com/epam/Wilma,af271176f7847d06512b62ed8f1a4a0e7fd8b10a,af27117,
944,6513676,git@github.com:eclipse/tycho.git,https://github.com/eclipse/tycho,913062f90a6bad5c8c2b57c77111a52e698105d5,913062f,
946,6605811,git@github.com:epam/NGB.git,https://github.com/epam/NGB,340504529fc576eeec92fbae636e437ce486cc4a,3405045,
952,6634791,git@github.com:Esri/geoportal-server-harvester.git,https://github.com/Esri/geoportal-server-harvester,b8c69260e3d6ec10df6514c201219e690cfba048,b8c6926,
959,6772589,git@github.com:facebook/facebook-java-business-sdk.git,https://github.com/facebook/facebook-java-business-sdk,561f1a75e1220b55a160a1b92b0187f72be9cd08,561f1a7,
961,6680763,git@github.com:eclipse/webtools.sourceediting.git,https://github.com/eclipse/webtools.sourceediting,fe6d03fa6ca31c9e5ebeba67b32f14d14335657d,fe6d03f,
976,6624209,git@github.com:Esri/arcgis-runtime-samples-java.git,https://github.com/Esri/arcgis-runtime-samples-java,c7a0b309586495ff9cc9dbed129e411943547793,c7a0b30,
989,6866681,git@github.com:google/error-prone.git,https://github.com/google/error-prone,61cb540c08ec63faa56dccce00049cff1f8b41ea,61cb540,
993,6913242,git@github.com:google/ExoPlayer.git,https://github.com/google/ExoPlayer,4bc79c9465abd00e29ff576c5f7a7517be632f5a,4bc79c9,
999,6897923,git@github.com:google/error-prone-javac.git,https://github.com/google/error-prone-javac,a53d069bbdb2c60232ed3811c19b65e41c3e60e0,a53d069,
1012,6920729,git@github.com:google/gdata-java-client.git,https://github.com/google/gdata-java-client,c6202a55f5f29afb37ffcf876674dca372f3fb4c,c6202a5,
1031,6984118,git@github.com:google/j2cl.git,https://github.com/google/j2cl,f233ebf547cce390cf87ce346ed82e0512f4fbe1,f233ebf,
1038,7002598,git@github.com:google/nomulus.git,https://github.com/google/nomulus,2481704d00f10f6b5675dd26f9effaad434ddbea,2481704,
1041,6992639,git@github.com:google/guava.git,https://github.com/google/guava,be92294be598b9b6ff0bd1cae3335759dafcb534,be92294,
1050,7022531,git@github.com:IBM/janusgraph-utils.git,https://github.com/IBM/janusgraph-utils,b4584a3cbeec49f0df14d364aeb03976f5d5ca19,b4584a3,
1069,7027539,git@github.com:IBM/ibm-cos-sdk-java.git,https://github.com/IBM/ibm-cos-sdk-java,d6b03864c15c622ce439e39f20ab41a77dc1cc83,d6b0386,
1071,6977949,git@github.com:google/jsinterop-generator.git,https://github.com/google/jsinterop-generator,c48a10f4c02b62207059997b4d18847c40f410ef,c48a10f,
1075,7074847,git@github.com:linkedin/pygradle.git,https://github.com/linkedin/pygradle,4b04b7980dc47a76b816184ebbcfe0b3f5cefadd,4b04b79,
1077,7048370,git@github.com:google/sagetv.git,https://github.com/google/sagetv,a35e3a450b4c0134cb097b9e7de76dca08eb6654,a35e3a4,
1078,7071931,git@github.com:google/j2objc.git,https://github.com/google/j2objc,471504a735b48d5d4ace51afa1542cc4790a921a,471504a,
1085,7076084,git@github.com:linkedin/parseq.git,https://github.com/linkedin/parseq,6151cc9064cf8af2ec5ab10ec80aa8c40db6b13c,6151cc9,
1108,7120318,git@github.com:Microsoft/azure-maven-plugins.git,https://github.com/Microsoft/azure-maven-plugins,d3e0b6fa0e00f38c04b622589a939fb3bae2227e,d3e0b6f,
1124,7148614,git@github.com:Microsoft/azure-tools-for-java.git,https://github.com/Microsoft/azure-tools-for-java,d121e8ac9cc3ab400e5b49c8b372280ae332f3fb,d121e8a,
1126,7137862,git@github.com:Microsoft/EmbeddedSocial-Android-SDK.git,https://github.com/Microsoft/EmbeddedSocial-Android-SDK,a507d791f19e53cee5a421309a6afbf9c37e00f7,a507d79,
1134,7165732,git@github.com:Microsoft/vso-httpclient-java.git,https://github.com/Microsoft/vso-httpclient-java,7b6329238498d7ad1934243150f955bea594df37,7b63292,
1136,7140272,git@github.com:Microsoft/java-debug.git,https://github.com/Microsoft/java-debug,5d5b39e63c986f4f4ebbed6fc039c0c4e81e3480,5d5b39e,
1151,7183873,git@github.com:oracle/pgql-lang.git,https://github.com/oracle/pgql-lang,d31340ea99b7a2c4a4a2311fca77d6be415e5395,d31340e,
1153,7196708,git@github.com:oracle/oci-java-sdk.git,https://github.com/oracle/oci-java-sdk,76e9cecd7b309d9f12e5efe96c74167c66a98872,76e9cec,
1161,7155743,git@github.com:Microsoft/mssql-jdbc.git,https://github.com/Microsoft/mssql-jdbc,84484edf7944de56749fd2648d0af2ffa2459b7a,84484ed,
1184,7210083,git@github.com:oracle/weblogic-kubernetes-operator.git,https://github.com/oracle/weblogic-kubernetes-operator,1fb059d7e32b9b3514617d54e4dda41ab68e71ea,1fb059d,
1196,7405705,git@github.com:oracle/graal.git,https://github.com/oracle/graal,4deb681aaaa79c248115037fc8e399c9876619fd,4deb681,
1201,7228058,git@github.com:reactor/reactor-core.git,https://github.com/reactor/reactor-core,3958e2fabf49e16229dda5df39e7cde46797ec51,3958e2f,
1204,7214444,git@github.com:rabbitmq/rabbitmq-java-client.git,https://github.com/rabbitmq/rabbitmq-java-client,8bc24bdce4da758f7be4f4451a46ab185058b272,8bc24bd,
1214,7237730,git@github.com:robolectric/robolectric.git,https://github.com/robolectric/robolectric,525bfcfc0e0ed1653ad57341b564c6857e11dc50,525bfcf,
1218,7243958,git@github.com:salesforce/Argus.git,https://github.com/salesforce/Argus,121b59a268da264316cded6a3e9271366a23cd86,121b59a,
1221,7269783,git@github.com:oracle/visualvm.git,https://github.com/oracle/visualvm,d9b10575b53d535e10c6e8c41831ebe38483c65b,d9b1057,
1241,7290109,git@github.com:spring-projects/eclipse-integration-tcserver.git,https://github.com/spring-projects/eclipse-integration-tcserver,5b381256cb35cfe2aa21f5093558f7ca927c289f,5b38125,
1242,7293098,git@github.com:spring-projects/greenhouse.git,https://github.com/spring-projects/greenhouse,c7994183812150de971ef4a76c08d5b4631ab5d1,c799418,
1253,7277560,git@github.com:SAP/olingo-jpa-processor-v4.git,https://github.com/SAP/olingo-jpa-processor-v4,e61b432b876e60c093ba626a00432d4826893e10,e61b432,
1255,7294593,git@github.com:spring-projects/grails-ide.git,https://github.com/spring-projects/grails-ide,cb5162c5a7fc60a2847c39d2750003ada7e80ff7,cb5162c,
1259,7358376,git@github.com:Microsoft/team-explorer-everywhere.git,https://github.com/Microsoft/team-explorer-everywhere,89ab2a4847aec8ec2afdf36c3f6287dd03bd558d,89ab2a4,
1262,7211700,git@github.com:oracle/weblogic-monitoring-exporter.git,https://github.com/oracle/weblogic-monitoring-exporter,05f1d3c4cc797577801df0ceceb9d92fc31718e8,05f1d3c,
1278,7369780,git@github.com:spring-projects/spring-boot.git,https://github.com/spring-projects/spring-boot,2225b362991f225e3a93f00e160526d2b8abdfb2,2225b36,
1306,7386253,git@github.com:spring-projects/spring-data-couchbase.git,https://github.com/spring-projects/spring-data-couchbase,2f4500e9c76541bbbd6a612f7b9283d2455a2dc6,2f4500e,
1316,6825782,git@github.com:google/conscrypt.git,https://github.com/google/conscrypt,d7d3ec873a50c733c9c4397d6718c04045b377b3,d7d3ec8,
1321,6820808,git@github.com:google/closure-templates.git,https://github.com/google/closure-templates,2258bec5ed4bd10f49347d250041aa9ea7eda01e,2258bec,
1330,6832744,git@github.com:google/copybara.git,https://github.com/google/copybara,76e3e6b1313d2bbea77fad3e7e1b53bc21949113,76e3e6b,
1339,6847809,git@github.com:google/binnavi.git,https://github.com/google/binnavi,8e0aef41402db6c6ecb2a26bb943bbbc5fd989b2,8e0aef4,
1349,7410927,git@github.com:spring-projects/spring-data-geode.git,https://github.com/spring-projects/spring-data-geode,5dc269da02933c9e9031f38ff1b27b8b1ee7c31b,5dc269d,
1359,6800794,git@github.com:google/closure-compiler.git,https://github.com/google/closure-compiler,0393c80ca01b6b861376dad7f91043a38bb37dc0,0393c80,
1360,6810674,git@github.com:google/closure-stylesheets.git,https://github.com/google/closure-stylesheets,970d51e6fb45591e50c057b118e66a364957da42,970d51e,
1383,7457996,git@github.com:spring-projects/spring-data-examples.git,https://github.com/spring-projects/spring-data-examples,ccae97890f85a3eaf8f4e05a1a07696e2b1e78a4,ccae978,
1403,7447081,git@github.com:spring-projects/spring-data-jpa.git,https://github.com/spring-projects/spring-data-jpa,cde0b1dacf85cad38aa28c3027b77ea7ec790841,cde0b1d,
1441,7501187,git@github.com:spring-projects/spring-data-solr.git,https://github.com/spring-projects/spring-data-solr,6db215cf28337895ec40ed28082fa895846680bb,6db215c,
1460,7503099,git@github.com:spring-projects/spring-data-redis.git,https://github.com/spring-projects/spring-data-redis,2eb7067e8c7e859168a281145cc46ccddb42049f,2eb7067,
1462,7523283,git@github.com:spring-projects/spring-hadoop.git,https://github.com/spring-projects/spring-hadoop,cda92b8ab6b5e8a8defe8ae5822e966e0a9d34eb,cda92b8,
1469,7539038,git@github.com:spring-projects/spring-loaded.git,https://github.com/spring-projects/spring-loaded,d6555bf5b0b62aef92be79f5f2fbe00426ebee36,d6555bf,
1474,7525557,git@github.com:spring-projects/spring-hateoas.git,https://github.com/spring-projects/spring-hateoas,0e02d4f04117e03ab94110c9de09b2ac28d55599,0e02d4f,
1484,7549648,git@github.com:spring-projects/spring-integration.git,https://github.com/spring-projects/spring-integration,872302de6e98c1fd34e3192d8e4de244008ca857,872302d,
1501,7591041,git@github.com:spring-projects/spring-framework.git,https://github.com/spring-projects/spring-framework,3a0f309e2c9fdbbf7fb2d348be861528177f8555,3a0f309,
1508,7600324,git@github.com:spring-projects/spring-roo.git,https://github.com/spring-projects/spring-roo,4a2e9f1eb17d4e49ad947503a63afef7d5a37842,4a2e9f1,
1520,7625447,git@github.com:spring-projects/spring-security-saml.git,https://github.com/spring-projects/spring-security-saml,fa46190c8c37c2eb24b0fd424263c219ffe27e25,fa46190,
1536,7657534,git@github.com:spring-projects/spring-vault.git,https://github.com/spring-projects/spring-vault,6e36eb10b02c6931c3b565c5d9d76f5e217bf309,6e36eb1,
1538,7633041,git@github.com:spring-projects/spring-ide.git,https://github.com/spring-projects/spring-ide,915fe9bffd50db45ee0b8fb993416e45dee68179,915fe9b,
1546,7661107,git@github.com:spring-projects/spring-statemachine.git,https://github.com/spring-projects/spring-statemachine,02ecb28751fcffd6f5306189f41bbcadcd3af18a,02ecb28,
1550,7673002,git@github.com:Tencent/GT.git,https://github.com/Tencent/GT,6e115aa7927441a7348f747b1316d5f4c4b4241a,6e115aa,
1551,8043712,git@github.com:eclipse/xtext-eclipse.git,https://github.com/eclipse/xtext-eclipse,0c7546b6aaf3644a77fc68eef9f3da368cbbeabd,0c7546b,
1553,7654989,git@github.com:spring-projects/spring-social-linkedin.git,https://github.com/spring-projects/spring-social-linkedin,33a06e40ea1b41e024b3206a53d64bc6e242c184,33a06e4,
1565,7716255,git@github.com:vmware/hillview.git,https://github.com/vmware/hillview,b5086fe08f9b5e5e3e6a280b5bbd6955f7e897e2,b5086fe,
1567,7726338,git@github.com:vmware/admiral.git,https://github.com/vmware/admiral,e02d0e77f65d0ee3541a378110ecd4233bdb6664,e02d0e7,
1575,7681481,git@github.com:spring-projects/spring-xd.git,https://github.com/spring-projects/spring-xd,ec106725c51d245109b2e5055d9f65e43228ecc1,ec10672,
1582,7725645,git@github.com:vmware/xenon.git,https://github.com/vmware/xenon,b6fb48b745985af2efc59b7ee0e5e7d69a289fbc,b6fb48b,
1595,7711363,git@github.com:uber/uReplicator.git,https://github.com/uber/uReplicator,97868ace4916b206ceed87d77e6db870b6253761,97868ac,
1597,7748459,git@github.com:apache/incubator-brooklyn.git,https://github.com/apache/incubator-brooklyn,337a5d22d5e9c98cc96ea1085383cbed1ee0b741,337a5d2,
1603,7757616,git@github.com:apache/incubator-druid.git,https://github.com/apache/incubator-druid,8ca7cb4886dcaeeaaea3a06aceb9e6d50eeecab5,8ca7cb4,
1631,7824709,git@github.com:apache/geode.git,https://github.com/apache/geode,8fd839e8b73e40bd2dfd14f331b587431bd35a66,8fd839e,
1633,7786204,git@github.com:apache/wicket.git,https://github.com/apache/wicket,c2d344219ef8046508ca40653c9de485b3cbd4c4,c2d3442,
1643,7880048,git@github.com:facebook/buck.git,https://github.com/facebook/buck,1bc8d383ea5cb153ca9bf4f2807e6be498648523,1bc8d38,
1671,7918920,git@github.com:eclipse/bpmn2-modeler.git,https://github.com/eclipse/bpmn2-modeler,fce8426d782272ee848251d954c98091bea0631c,fce8426,
1699,7938128,git@github.com:eclipse/gef-legacy.git,https://github.com/eclipse/gef-legacy,14563a9e1f2af636a5364d195cf07dbff6f35fa6,14563a9,
1707,7997794,git@github.com:eclipse/xtext-extras.git,https://github.com/eclipse/xtext-extras,5634c291880cd46fe2f8e9a47e48ef88b85e8bda,5634c29,
1710,7961905,git@github.com:eclipse/titan.EclipsePlug-ins.git,https://github.com/eclipse/titan.EclipsePlug-ins,92bae808bfd4757c9a2f7cc0e59cd17ad801394c,92bae80,
1740,8049293,git@github.com:eclipse/xtext-core.git,https://github.com/eclipse/xtext-core,e04964e4c2a3e0338c0079bd8333688835e77c31,e04964e,
1776,8155488,git@github.com:apache/axis1-java.git,https://github.com/apache/axis1-java,7043f1ab0397d1ae35f879f2bcc99be1e9b55644,7043f1a,Corrupted
1778,8167612,git@github.com:apache/activemq.git,https://github.com/apache/activemq,ccf56875b0660214e0a61bd2f8adc418143551fc,ccf5687,
1784,8198529,git@github.com:eclipse/xtext-xtend.git,https://github.com/eclipse/xtext-xtend,20500a324127e3ee73cb793a13430ee140246fa7,20500a3,
1799,8202625,git@github.com:eclipse/xtext-idea.git,https://github.com/eclipse/xtext-idea,3aa1424ae35f1942dd7c3a457057006f9131de5e,3aa1424,
1803,8224488,git@github.com:apache/cocoon.git,https://github.com/apache/cocoon,5d942db1ab41f8d31eb07b30c2c9ec5833c593c1,5d942db,
1806,8213293,git@github.com:spring-projects/spring-framework-issues.git,https://github.com/spring-projects/spring-framework-issues,ada8e40099454d41f4b83eb858462cc99ae29734,ada8e40,
1821,8295955,git@github.com:apache/james-project.git,https://github.com/apache/james-project,fa24a096a5853459c3769a34ccc68feb91626bfa,fa24a09,
1828,8335195,git@github.com:eclipse/org.aspectj.git,https://github.com/eclipse/org.aspectj,370f291c359cd159c5f3f0abd6e9e53e81234a07,370f291,
1843,8400746,git@github.com:apache/camel.git,https://github.com/apache/camel,8a85a70643c4d6eec2d3abddeea44ecb06c2f486,8a85a70,
1887,3699849,git@github.com:alibaba/canal.git,https://github.com/alibaba/canal,08167c95c767fd3c9879584c0230820a8476a7a7,08167c9,
1901,3698323,git@github.com:alexa/alexa-skills-kit-sdk-for-java.git,https://github.com/alexa/alexa-skills-kit-sdk-for-java,bf1e9ccc50d1f3f8408f887f70197ee288fd4bd9,bf1e9cc,
1910,3929567,git@github.com:apache/accumulo.git,https://github.com/apache/accumulo,f896c98c2356a52dfa2235d2cc02ae556ab17909,f896c98,
1912,3723043,git@github.com:alibaba/atlas.git,https://github.com/alibaba/atlas,e8c7b3f1ff14b2a1df64321c6992b796cae7d732,e8c7b3f,
1917,3762543,git@github.com:alibaba/jstorm.git,https://github.com/alibaba/jstorm,5d6cde22dbca7df3d6e6830bf94f98a6639ab559,5d6cde2,
1919,3772084,git@github.com:amzn/ion-java.git,https://github.com/amzn/ion-java,a19302d1ebcc5e8ca41d19342581364f89d09c1a,a19302d,
1928,3856873,git@github.com:apache/ant-ivy.git,https://github.com/apache/ant-ivy,4ffcf8f06f238b17e78e8033c3e8278833e452eb,4ffcf8f,
1935,3862792,git@github.com:apache/ambari.git,https://github.com/apache/ambari,2bc4779a1e6aabe638101fc8b0e28cd1963d6b13,2bc4779,
1937,3869760,git@github.com:apache/ant-ivyde.git,https://github.com/apache/ant-ivyde,d7f55c6475627ad6a899e3fbb88eb49f572ba63b,d7f55c6,
1963,3888598,git@github.com:apache/apex-core.git,https://github.com/apache/apex-core,d17f464fcaf19778e2f8edbe2b03419151558068,d17f464,
1976,3917715,git@github.com:apache/archiva.git,https://github.com/apache/archiva,d1242030bf232c0d9b68e4402188ee261924bf4b,d124203,
1986,3920625,git@github.com:apache/aries-jpa.git,https://github.com/apache/aries-jpa,f8a04dfabbf0853af07926e4d8f8028b0d829bc8,f8a04df,
2008,3938271,git@github.com:apache/aries.git,https://github.com/apache/aries,52293d20268de7c98833846ded2b70d6476773de,52293d2,
2017,3949836,git@github.com:apache/atlas.git,https://github.com/apache/atlas,af1719a3472d1d436d0fc685fe9f88d8a754ef94,af1719a,
2027,3954827,git@github.com:apache/apex-malhar.git,https://github.com/apache/apex-malhar,1acaf15f425d72f19bb590c667987ed5d81d7f25,1acaf15,
2029,8497687,git@github.com:apache/cloudstack.git,https://github.com/apache/cloudstack,8d3feb100aab4a45b31a789f444038b892161eec,8d3feb1,
2061,8564277,git@github.com:apache/hbase.git,https://github.com/apache/hbase,44f8abd5c65c59e9d09f6ad14b3c825f145d8e4f,44f8abd,
2095,8604577,git@github.com:apache/ignite.git,https://github.com/apache/ignite,7a7c407ea41477aae8508bfe871b4e9a67e1b277,7a7c407,
2108,8660235,git@github.com:apache/ofbiz-framework.git,https://github.com/apache/ofbiz-framework,b1304439219bb04c396f5d000bec9c5fbb194b59,b130443,
2116,8691119,git@github.com:apache/ofbiz.git,https://github.com/apache/ofbiz,7ba7f3c2e16df6c8db0d8114e124957199cea1ff,7ba7f3c,
2121,8738655,git@github.com:apache/airavata.git,https://github.com/apache/airavata,391843a00eefa7b6213e845f2f044b4e042894d5,391843a,
2126,8754569,git@github.com:apache/hadoop-common.git,https://github.com/apache/hadoop-common,42a61a4fbc88303913c4681f0d40ffcc737e70b5,42a61a4,
2142,8863381,git@github.com:apache/hive.git,https://github.com/apache/hive,2fa22bf360898dc8fd1408bfcc96e1c6aeaf9a53,2fa22bf,
2218,8970191,git@github.com:apache/lucene-solr.git,https://github.com/apache/lucene-solr,bca22d58e2d126ec6d349d375d3ea028892104e1,bca22d5,
2261,9033273,git@github.com:eclipse/eclipse.jdt.core.git,https://github.com/eclipse/eclipse.jdt.core,24d47c292ed4bd8fdc28b3c2f9afdab1401d025c,24d47c2,
2278,8727852,git@github.com:eclipse/eclipse.platform.swt.git,https://github.com/eclipse/eclipse.platform.swt,bf870e8ff7e54069e96e5c9a74dc84d49a444484,bf870e8,
2285,9087398,git@github.com:oracle/fastr.git,https://github.com/oracle/fastr,a1ee49060317621c0c9eceea8ec60040aca59b2d,a1ee490,
2312,9111577,git@github.com:eclipse/birt.git,https://github.com/eclipse/birt,f89264810347de98702db45386a822aabc0fadbf,f892648,
2332,3972555,git@github.com:apache/aurora.git,https://github.com/apache/aurora,6ec953f27f7f80366d6bf4c8e7cba0e62a874753,6ec953f,
2334,3977475,git@github.com:apache/attic-polygene-java.git,https://github.com/apache/attic-polygene-java,031beef870302a0bd01bd5895ce849e00f2d5d5b,031beef,
2347,3999557,git@github.com:apache/axis2-java.git,https://github.com/apache/axis2-java,372582df483eb7991f85b6d0e765aec62339cdb7,372582d,Corrupted
2362,4039372,git@github.com:apache/beam.git,https://github.com/apache/beam,a956ff77a8448e5f2c12f6695fec608348b5ab60,a956ff7,
2369,4042826,git@github.com:apache/asterixdb.git,https://github.com/apache/asterixdb,223d13a06c4a4a58408aeac19674ac1f36f5ff35,223d13a,
2383,4059685,git@github.com:apache/bookkeeper.git,https://github.com/apache/bookkeeper,f26a4cae0e9205ad391c6d4d79f2937871864c28,f26a4ca,
2413,4090808,git@github.com:apache/brooklyn-library.git,https://github.com/apache/brooklyn-library,89795c5d67d594259df9b4ea8bae766660e8b283,89795c5,
2425,4106292,git@github.com:apache/bigtop.git,https://github.com/apache/bigtop,2cfcee08fc39a5f0b918ff2b895e1620344b390b,2cfcee0,
2435,4110958,git@github.com:apache/brooklyn-server.git,https://github.com/apache/brooklyn-server,880eb1da00f6358d7fd76d065322e3685bfb1a04,880eb1d,
2449,4126029,git@github.com:apache/calcite.git,https://github.com/apache/calcite,a648f9c12309cc253628930b0cab98591caa66ab,a648f9c,
2465,4168378,git@github.com:apache/chukwa.git,https://github.com/apache/chukwa,65f6972859115a4ddad6def06475465f0971e9ae,65f6972,
2469,4175432,git@github.com:apache/cayenne.git,https://github.com/apache/cayenne,5be5235ed1c02589b6300e9729cf3c308c0173e8,5be5235,
2475,4197096,git@github.com:apache/cassandra.git,https://github.com/apache/cassandra,e191aff385053bdb5325f15bc6d16d2dc0ee0589,e191aff,
2504,4232055,git@github.com:apache/commons-compress.git,https://github.com/apache/commons-compress,1881a202fbec4466f3766eaa0057370d7007401b,1881a20,
2505,4234040,git@github.com:apache/commons-collections.git,https://github.com/apache/commons-collections,bb0781551c7f1d7ddd28733acff95e1f130e766c,bb07815,
2510,4248456,git@github.com:apache/commons-jcs.git,https://github.com/apache/commons-jcs,ad897014842fc830483f32fdfb903f3bb8f70289,ad89701,
2512,4249169,git@github.com:apache/commons-jxpath.git,https://github.com/apache/commons-jxpath,eff47ab8ca52fdbc91d1313cc224324465dd043e,eff47ab,
2516,4272190,git@github.com:apache/commons-validator.git,https://github.com/apache/commons-validator,a3771313c9f1833abf32c7c294ad1de4810e532d,a377131,
2520,4282818,git@github.com:apache/crunch.git,https://github.com/apache/crunch,9b8849cfd89f1e7f187b99914163509060692aa5,9b8849c,
2525,4292651,git@github.com:apache/deltaspike.git,https://github.com/apache/deltaspike,6de805f9687178eca316b13e59ce717165f90a26,6de805f,
2527,4301023,git@github.com:apache/directory-kerby.git,https://github.com/apache/directory-kerby,19fa650424f60d23d1c1bf0af4bb80ffcb8d8843,19fa650,
2549,4325541,git@github.com:apache/derby.git,https://github.com/apache/derby,bd246fc89d4fce3f82f8344074ecb8a4713418df,bd246fc,
2555,4369677,git@github.com:apache/cxf.git,https://github.com/apache/cxf,6bf89e9c8804c8845ec4d38583dd33eea8256439,6bf89e9,
2578,4425585,git@github.com:apache/eagle.git,https://github.com/apache/eagle,7ac9421c2c27d12ae88f001866b4444310fcaa3f,7ac9421,
2596,4433896,git@github.com:apache/falcon.git,https://github.com/apache/falcon,470e5e9f5de9ba1b6149dec60e87d3a04270eda3,470e5e9,
2599,4455621,git@github.com:apache/drill.git,https://github.com/apache/drill,5e2251a9fd659b81ebfcd6702ee4ee16b3f7b6b3,5e2251a,
2620,4472450,git@github.com:apache/ctakes.git,https://github.com/apache/ctakes,79be3ba2833857714bb301449f021cca36f373e6,79be3ba,
2633,4498741,git@github.com:apache/flume.git,https://github.com/apache/flume,7d3396f26dc1541e9d2a540d50d15a15c38acb74,7d3396f,
2645,4502113,git@github.com:apache/fluo.git,https://github.com/apache/fluo,8e06204d4167651e2d3b5219b8c1397644e6ba6e,8e06204,
2651,4506790,git@github.com:apache/felix.git,https://github.com/apache/felix,a132994b250751d4ba3b115ee070ba397d9840ca,a132994,
2657,4542224,git@github.com:apache/fineract.git,https://github.com/apache/fineract,210e380df3ca5c74c8c2fa09e7fe1cffdb87e20a,210e380,
2668,4580123,git@github.com:apache/fop.git,https://github.com/apache/fop,caced35327f6b6d6eeac2a13543f3c458e902101,caced35,
2671,4594162,git@github.com:apache/giraph.git,https://github.com/apache/giraph,d3bf4a2cf5347f7cfd9d217b216c906cb7801217,d3bf4a2,
2686,4611132,git@github.com:apache/flink.git,https://github.com/apache/flink,8068c8775ad067d75828e6360e7e0994348da9b9,8068c87,
2688,4627580,git@github.com:apache/hadoop-hdfs.git,https://github.com/apache/hadoop-hdfs,b2d2a3262c587638db04c2991d48656b3d06275c,b2d2a32,
2697,4648063,git@github.com:apache/groovy.git,https://github.com/apache/groovy,00ee0547c00673a93e0843a9d72c8e4293d1efdb,00ee054,
2713,4703457,git@github.com:apache/httpcomponents-core.git,https://github.com/apache/httpcomponents-core,589fe21a0bd3481431f08d296fff1e323a8f497d,589fe21,
2715,4716488,git@github.com:apache/incubator-atlas.git,https://github.com/apache/incubator-atlas,e0d2cdc27c32742ebecd24db4cca62dc04dcdf4b,e0d2cdc,
2735,7651598,git@github.com:spring-projects/spring-security.git,https://github.com/spring-projects/spring-security,8dd2864dea3de5ea98637a1629debc89c29e76c0,8dd2864,
2742,4972127,git@github.com:apache/juneau.git,https://github.com/apache/juneau,1bd3d8be0ed8a51a0a68ccef2d1d6778baa4b6ee,1bd3d8b,
2751,5654277,git@github.com:apache/sis.git,https://github.com/apache/sis,002121abc9b9826fbd51fac7150b3ee0c02cc88b,002121a,
2767,5164165,git@github.com:apache/kylin.git,https://github.com/apache/kylin,6ee0212af9d5b50096850c9cb76031b7cdd67402,6ee0212,
2783,5271942,git@github.com:apache/opennlp.git,https://github.com/apache/opennlp,a07efca33b40f18e9d28a59f9e40924a0c8a89a5,a07efca,
2795,4736526,git@github.com:apache/incubator-heron.git,https://github.com/apache/incubator-heron,17f1b06fffed0c242b181b3e945c7e6a31478751,17f1b06,
2818,6295036,git@github.com:eclipse/jetty.project.git,https://github.com/eclipse/jetty.project,65528f76c5ef6ddca11385f9721c8f0bc5f2eed7,65528f7,
2825,9278685,git@github.com:SAP/SapMachine.git,https://github.com/SAP/SapMachine,6e62561730c46dc5000c39665c43951832192ceb,6e62561,
2837,5479893,git@github.com:apache/qpid-broker-j.git,https://github.com/apache/qpid-broker-j,4c4400b98a5a8493cfb9e5dbb21c97175f433a62,4c4400b,
2841,7655364,git@github.com:spring-projects/spring-social.git,https://github.com/spring-projects/spring-social,b2715375f0ee98cda5e2e29728e51943822f938c,b271537,
2845,4244182,git@github.com:apache/commons-imaging.git,https://github.com/apache/commons-imaging,fa7c16f434061d441d1c0d9dbcfd0f4c3092c880,fa7c16f,
2849,4151146,git@github.com:apache/chemistry-opencmis.git,https://github.com/apache/chemistry-opencmis,ef8513d708e5e21710afe5cafb8b32a62a0ae532,ef8513d,
2855,5750397,git@github.com:apache/tajo.git,https://github.com/apache/tajo,fb326195083959014c82c10187cb46de91ece33f,fb32619,
2859,5690831,git@github.com:apache/struts.git,https://github.com/apache/struts,e82c5a207f62fdb1bb6e8da690325b5a109c924f,e82c5a2,
2866,5128334,git@github.com:apache/maven-indexer.git,https://github.com/apache/maven-indexer,8fcb8551345c78871a6adbc0f7238ccd408178d3,8fcb855,
2876,5278361,git@github.com:apache/openwebbeans.git,https://github.com/apache/openwebbeans,7831798861478a035c9e9dcca151b5a67e4a28a3,7831798,
2878,5609190,git@github.com:apache/royale-compiler.git,https://github.com/apache/royale-compiler,fbd9bc3b9e48c80dbd8c1d32a6f83221e314efdd,fbd9bc3,
2882,4817934,git@github.com:apache/incubator-taverna-workbench.git,https://github.com/apache/incubator-taverna-workbench,2b74964ac1ee22e56c5dad3321869d84f7052dcf,2b74964,
2898,5668344,git@github.com:apache/streams.git,https://github.com/apache/streams,5427e72d02bd7f1904da05cdf033359690d2dd00,5.427E+075,
2918,4762838,git@github.com:apache/incubator-gobblin.git,https://github.com/apache/incubator-gobblin,b0d130757669a5fed7c368d44f23f8a9c0d3ed4a,b0d1307,
2921,5710974,git@github.com:apache/storm.git,https://github.com/apache/storm,dc56e32f3dcdd9396a827a85029d60ed97474786,dc56e32,
2944,5343744,git@github.com:apache/nifi.git,https://github.com/apache/nifi,c8eff590efa3babcda0b755009224dcac168708b,c8eff59,
2950,6060996,git@github.com:eclipse/ceylon.git,https://github.com/eclipse/ceylon,d3994d6cd120c4df85952cd9432123b413cfd65a,d3994d6,
2978,4933994,git@github.com:apache/jclouds.git,https://github.com/apache/jclouds,c2670079fabe74f163f43fbade0866469f7a84ec,c267007,
3004,4768247,git@github.com:apache/incubator-ratis.git,https://github.com/apache/incubator-ratis,1fc5acedda4dbd7c62fe73c8656c792871f4661f,1fc5ace,
3020,4401367,git@github.com:apache/directory-studio.git,https://github.com/apache/directory-studio,e8f15ea553a3ae7bebc2fe96d6a2864e188f8017,e8f15ea,
3033,7280600,git@github.com:Shopify/mobile-buy-sdk-android.git,https://github.com/Shopify/mobile-buy-sdk-android,913062d4d1e1e71091440df257dd9ac6db9c9957,913062d,
3059,7017732,git@github.com:google/volley.git,https://github.com/google/volley,95a6796c40f570a723a73d9360dddbd0994ed1d4,95a6796,
3070,9483594,git@github.com:apache/hadoop.git,https://github.com/apache/hadoop,128dd91e10080bdcbcd7d555fa3c4105e55a6b51,128dd91,
3076,6093270,git@github.com:eclipse/eavp.git,https://github.com/eclipse/eavp,20c1ce932e95084e386656526d0a2ac4197f786f,20c1ce9,
3124,5421253,git@github.com:apache/phoenix.git,https://github.com/apache/phoenix,69e5bb0b304a53967cef40b2a4cfc66e69ecaa51,69e5bb0,
3133,5515839,git@github.com:apache/rocketmq.git,https://github.com/apache/rocketmq,971fa8ed8b209b39bdfe41c57cd64576d244e6bd,971fa8e,
3136,5467722,git@github.com:apache/qpid-jms.git,https://github.com/apache/qpid-jms,59f62b111687072fad3302fb4c6f91a389b4c0e6,59f62b1,
3144,7428982,git@github.com:spring-projects/spring-data-graph.git,https://github.com/spring-projects/spring-data-graph,0210210ce436eb83bf200f5d5f9a63a440c5b27a,210210,
3151,5527964,git@github.com:apache/santuario-java.git,https://github.com/apache/santuario-java,fa12dc57a16fbcd637c2aac6f3af3db19fe4b187,fa12dc5,
3153,4783602,git@github.com:apache/incubator-rya.git,https://github.com/apache/incubator-rya,5463da23c7cd5eaddf2ab13f0b42141211ab59f2,5463da2,
3156,6710734,git@github.com:facebook/litho.git,https://github.com/facebook/litho,19503b819b97e17d02f584633508dca8c646911a,19503b8,
3159,5203194,git@github.com:apache/myfaces-tobago.git,https://github.com/apache/myfaces-tobago,cdd92ed3b0a5a9e72b1544d3123d5d65d43d3d02,cdd92ed,
3174,5112767,git@github.com:apache/maven-compiler-plugin.git,https://github.com/apache/maven-compiler-plugin,3d6b27cc81c3dde2d537ca3be1117d470d0017f3,3d6b27c,
3200,7129383,git@github.com:linkedin/rest.li.git,https://github.com/linkedin/rest.li,ad74aa98da8a55ad9c339d0769a3e8fb495765af,ad74aa9,
3225,5028269,git@github.com:apache/logging-chainsaw.git,https://github.com/apache/logging-chainsaw,b7277083a7105916a9d054045d188a553623c6b5,b727708,
3266,4556325,git@github.com:apache/freemarker.git,https://github.com/apache/freemarker,02fa5edb3cde53f284551c09ecc13301b0e83d0b,02fa5ed,
3271,4853285,git@github.com:apache/jackrabbit.git,https://github.com/apache/jackrabbit,392b94da5db9d2f5670f2db530eb5952c8189fdb,392b94d,
3294,5308925,git@github.com:apache/openjpa.git,https://github.com/apache/openjpa,8c0b843f6e6e0dd86a31e485928e61f2ba4c8f29,8c0b843,
3382,7666721,git@github.com:spring-projects/spring-ws.git,https://github.com/spring-projects/spring-ws,620d3eaed4c7d456d10a700969d46397f6b66edc,620d3ea,
3384,5498814,git@github.com:apache/rocketmq-externals.git,https://github.com/apache/rocketmq-externals,dba6eb0c997d5c325f26b3d1da9d739d927228dc,dba6eb0,
3390,5033471,git@github.com:apache/jena.git,https://github.com/apache/jena,1cca775bbf0bb0fd3ee8ac55e31f0f30cdde3b77,1cca775,
3426,7326860,git@github.com:spring-projects/spring-batch.git,https://github.com/spring-projects/spring-batch,d8fc58338d3b059b67b5f777adc132d2564d7402,d8fc583,
3471,3757097,git@github.com:alibaba/druid.git,https://github.com/alibaba/druid,768469fe4d1340efe1036453366a58c9ab7e30d1,768469f,
3474,5091177,git@github.com:apache/mahout.git,https://github.com/apache/mahout,b0cf1694e60f643e352182ea03744c34e96dbac4,b0cf169,
3485,5459981,git@github.com:apache/pulsar.git,https://github.com/apache/pulsar,044daf8d61328265640a5b3e5008fc04fac73efa,044daf8,
3490,4346994,git@github.com:apache/directory-server.git,https://github.com/apache/directory-server,310007cc1c7eb5415f93bed67d5553bc70980820,310007c,
3500,5598817,git@github.com:apache/poi.git,https://github.com/apache/poi,351623a86924dab9c565e08e8cecfe151522c448,351623a,
3504,5392679,git@github.com:apache/openejb.git,https://github.com/apache/openejb,f10c077ade927d73bdbd9ed4cc28b79f58a1cd66,f10c077,
3505,5025102,git@github.com:apache/log4j.git,https://github.com/apache/log4j,7be00eed88152dd011a619e8bae5a631235c3f4c,7be00ee,
3510,4709869,git@github.com:apache/incubator-ambari.git,https://github.com/apache/incubator-ambari,bf747346312170834c6beb89a60c8624b47aa288,bf74734,
3517,6225158,git@github.com:eclipse/golo-lang.git,https://github.com/eclipse/golo-lang,96a489736fa2a3b0313f2fa5fb290612a84b937c,96a4897,
3537,5685504,git@github.com:apache/stanbol.git,https://github.com/apache/stanbol,2fcf471b467fb84e59491f4c54ba0a95924ab04a,2fcf471,
3542,5514575,git@github.com:apache/ranger.git,https://github.com/apache/ranger,7c52a79a5d0b41bfc94caca9d531e0fefba2bfe7,7c52a79,
3551,5533033,git@github.com:apache/samza.git,https://github.com/apache/samza,65d09d7b383be907e3f712af4a28f70895a3165f,65d09d7,
3561,4808674,git@github.com:apache/incubator-skywalking.git,https://github.com/apache/incubator-skywalking,32c4bced8a7e055003d6e4bea0fd8f8361bec8e5,32c4bce,
3563,4827311,git@github.com:apache/isis.git,https://github.com/apache/isis,2af2ef3e2edcb807d742f089839e0571d8132bd9,2af2ef3,
3585,6842405,git@github.com:google/caja.git,https://github.com/google/caja,964609d5ec3272e4060cfb990bf263f6e5c56e22,964609d,
3675,7391055,git@github.com:spring-projects/spring-data-dev-tools.git,https://github.com/spring-projects/spring-data-dev-tools,a25ff3ae28026f132871f7172c6ba5c3b64e1671,a25ff3a,
3683,4804222,git@github.com:apache/incubator-taverna-engine.git,https://github.com/apache/incubator-taverna-engine,98536c6b702a0541debbb66be996455384561b54,98536c6,
3695,5581462,git@github.com:apache/servicecomb-java-chassis.git,https://github.com/apache/servicecomb-java-chassis,72cd0e137c4a0c3b899adfa6e19e2fd590743014,72cd0e1,
3697,4278771,git@github.com:apache/curator.git,https://github.com/apache/curator,5ff795271b21c2b8f487a69efabac834fb714383,5ff7952,
3701,4671256,git@github.com:apache/hadoop-mapreduce.git,https://github.com/apache/hadoop-mapreduce,307cb5b316e10defdbbc228d8cdcdb627191ea15,307cb5b,
3706,7557707,git@github.com:spring-projects/spring-restdocs.git,https://github.com/spring-projects/spring-restdocs,957f352e763ae58321a1667c2cc8bed2e8c1e3bb,957f352,
3746,4797136,git@github.com:apache/incubator-shardingsphere.git,https://github.com/apache/incubator-shardingsphere,c5cf1d15b02f3a0fb3bda4f15d5f0b3779eac7ba,c5cf1d1,
3749,5768412,git@github.com:apache/syncope.git,https://github.com/apache/syncope,114c412afbfba24ffb4fbc804e5308a823a16a78,114c412,
3870,6285002,git@github.com:eclipse/jnosql.git,https://github.com/eclipse/jnosql,9f03fa6ffe2dd4b538f7dbce424649aa4e484657,9f03fa6,
3875,4982268,git@github.com:apache/kafka.git,https://github.com/apache/kafka,c74acb24eb1da5d16cc2721a63931cd87f79ec66,c74acb2,
3910,5547100,git@github.com:apache/sentry.git,https://github.com/apache/sentry,f859446b65bbc274bc4899464892151eec8217c6,f859446,
3940,5111458,git@github.com:apache/maven-checkstyle-plugin.git,https://github.com/apache/maven-checkstyle-plugin,eee0ba18a70e6d6bd51797c70a83cf844f882286,eee0ba1,
3961,4585448,git@github.com:apache/geronimo-xbean.git,https://github.com/apache/geronimo-xbean,e6191cc3a98755894ec9997e78214972d29040c4,e6191cc,
3973,7298628,git@github.com:spring-projects/spring-amqp.git,https://github.com/spring-projects/spring-amqp,1614a4b0532b83e29b2a2fdb8dac102576b8aa51,1614a4b,
4003,6638631,git@github.com:facebook/facebook-android-sdk.git,https://github.com/facebook/facebook-android-sdk,81ca34a2a0f7ee391f90c6051c5a22e5bc8663c2,81ca34a,
4067,7652241,git@github.com:spring-projects/spring-social-github.git,https://github.com/spring-projects/spring-social-github,7939988245be49486d27c42c30bfb0a567c6ec1b,7939988,
4081,3993530,git@github.com:apache/batik.git,https://github.com/apache/batik,8b9b758641a11c43c4e9493386268fa0dc5c7efb,8b9b758,
4082,5255988,git@github.com:apache/oozie.git,https://github.com/apache/oozie,491e73ee9f941dfb25dfe92121fb033295ef42ee,491e73e,
4142,4690918,git@github.com:apache/hama.git,https://github.com/apache/hama,734a4d7337cbd132623c7dcb84c300de428d13bf,734a4d7,
4158,7276572,git@github.com:SAP/iot-starterkit.git,https://github.com/SAP/iot-starterkit,f0d9ce06a1a98569a5a4eed76a2ec0aa87c1a1df,f0d9ce0,
4166,6317098,git@github.com:eclipse/kura.git,https://github.com/eclipse/kura,5e9f3e3d03c8a9cc7857b3fb9080b256821bb32a,5e9f3e3,
4211,6541523,git@github.com:eclipse/xsemantics.git,https://github.com/eclipse/xsemantics,63c2c5078380cfb9bf0e47d1ca031259b472368b,63c2c50,
4224,5148417,git@github.com:apache/maven-surefire.git,https://github.com/apache/maven-surefire,e57f76c7e858dbbaac6be4cbcd16e215de10b064,e57f76c,
4228,8299074,git@github.com:eclipse/acceleo.git,https://github.com/eclipse/acceleo,3b0576ceff41c61c97f94fba4020adbab691bd68,3b0576c,
4241,5146683,git@github.com:apache/maven-scm.git,https://github.com/apache/maven-scm,6f876b4dc33372a8527f09c23c6f698e04a771c6,6f876b4,
4269,3974797,git@github.com:apache/avro.git,https://github.com/apache/avro,1119b6eb5b92730b27e9798793bc67f192591c15,1119b6e,
4305,6017760,git@github.com:cloudfoundry/uaa.git,https://github.com/cloudfoundry/uaa,f3b66dd2a250c1309a86cade560ac9a9cfeafec7,f3b66dd,
4308,7307441,git@github.com:spring-projects/spring-batch-admin.git,https://github.com/spring-projects/spring-batch-admin,9e3ad8bff99b8fad8da62426aa7d2959eb841bcf,9e3ad8b,
4321,3790799,git@github.com:amzn/exoplayer-amazon-port.git,https://github.com/amzn/exoplayer-amazon-port,90cf56092dca07e8752f8f7e063a0b3b98313942,90cf560,
4337,4440978,git@github.com:apache/fineract-cn-portfolio.git,https://github.com/apache/fineract-cn-portfolio,f0eaa1850586b783351b4fbe9003ddbd9007245a,f0eaa18,
4372,3785267,git@github.com:apache/accumulo-testing.git,https://github.com/apache/accumulo-testing,d87d448278d43750cc978c9f37bacaf7e8591bb9,d87d448,
4400,7361930,git@github.com:spring-projects/spring-data-cassandra.git,https://github.com/spring-projects/spring-data-cassandra,42cc65aaab4d3d67546d815d3d9eb142a7d5c616,42cc65a,
4415,4882061,git@github.com:apache/incubator-pinot.git,https://github.com/apache/incubator-pinot,d58f8bce4b59de096b4ee9fee61c679482dd1d7d,d58f8bc,
4465,5501417,git@github.com:apache/reef.git,https://github.com/apache/reef,abc122a37d1478530967add245e63e13bf148b9a,abc122a,
4556,6157376,git@github.com:eclipse/egit-github.git,https://github.com/eclipse/egit-github,e9a4057a0cb71f9e659d88f82e6b24e98f74218d,e9a4057,
4564,5666367,git@github.com:apache/struts-examples.git,https://github.com/apache/struts-examples,59674d7d79a806c12c23380895da007c292fc42f,59674d7,
4610,4243459,git@github.com:apache/commons-io.git,https://github.com/apache/commons-io,19cd138d25fb461dc57125589a026ca0fa8f7805,19cd138,
4659,5114470,git@github.com:apache/manifoldcf.git,https://github.com/apache/manifoldcf,542db79eb8662c086e39ee7deac743da430f5714,542db79,
4664,4258053,git@github.com:apache/commons-net.git,https://github.com/apache/commons-net,fb7aae4c64f7d2bf6dced00c49c3ffc428b2d572,fb7aae4,
4665,7017211,git@github.com:google/tink.git,https://github.com/google/tink,ba64189ae1a44c2935f060a4de06bdc2df721a93,ba64189,
4670,7520135,git@github.com:spring-projects/spring-hadoop-samples-old.git,https://github.com/spring-projects/spring-hadoop-samples-old,abeba172e8e536cc4fcb8e470711e693adc5bc7c,abeba17,
4709,7229025,git@github.com:reactor/reactor-netty.git,https://github.com/reactor/reactor-netty,b26dfa119524d87a484be09f13031f56dac864c1,b26dfa1,
4729,5052296,git@github.com:apache/logging-log4j2.git,https://github.com/apache/logging-log4j2,9b6bb237ae8771ffbf6d61ed07b0acb4f4dc2da6,9b6bb23,
4732,5002069,git@github.com:apache/knox.git,https://github.com/apache/knox,8a504c7c7f8e6a07ded65c671b64ccd702f47668,8a504c7,
4746,3725605,git@github.com:alibaba/jvm-sandbox.git,https://github.com/alibaba/jvm-sandbox,5ff3554ce2fcbe5eb9dd0ecc01c31a1d53c3c12e,5ff3554,
4768,7110843,git@github.com:Microsoft/ApplicationInsights-Java.git,https://github.com/Microsoft/ApplicationInsights-Java,230ed8807bf3e8aa62093df0b426b7a9f704231e,230ed88,
4842,5319099,git@github.com:apache/pdfbox.git,https://github.com/apache/pdfbox,443b7dd95c57bc83598c8c5d514ebb44a4133a43,443b7dd,
4860,5016382,git@github.com:apache/karaf.git,https://github.com/apache/karaf,4f180ea216c284d21b2d4efa6292b2495a3c8ea7,4f180ea,
4871,5217747,git@github.com:apache/ode.git,https://github.com/apache/ode,b2ddc6436891f84f716ffcbed8c1cd1e374bd805,b2ddc64,
4961,8312832,git@github.com:eclipse/eclipse.jdt.ls.git,https://github.com/eclipse/eclipse.jdt.ls,f8a427e0b6a9a91615f537209be052c31d38280e,f8a427e,
4975,4928696,git@github.com:apache/jmeter.git,https://github.com/apache/jmeter,0facf1525a7d0bd816efd33e72309856e901a883,0facf15,
4984,6635481,git@github.com:Esri/spatial-framework-for-hadoop.git,https://github.com/Esri/spatial-framework-for-hadoop,00959d6b4465313c934aaa8aaf17b52d6c9c60d4,00959d6,
4996,5098876,git@github.com:apache/maven-archetype.git,https://github.com/apache/maven-archetype,04921ccae9c111338121e3acb54b7b23f7f57c7b,04921cc,
5068,5133545,git@github.com:apache/maven-resolver.git,https://github.com/apache/maven-resolver,6a7f840e49d463dcf9fea61ddd2a2a291bfc90a1,6a7f840,
5122,7161553,git@github.com:Microsoft/project-rome.git,https://github.com/Microsoft/project-rome,0bcfbd6e1a7e69ec5832740640d7fb9945a1125f,0bcfbd6,
5174,7528188,git@github.com:spring-projects/spring-insight-plugins.git,https://github.com/spring-projects/spring-insight-plugins,106140e88c18717b3d9a5ac1aae73f14fea6d4d5,106140e,
5187,4745312,git@github.com:apache/incubator-netbeans-html4j.git,https://github.com/apache/incubator-netbeans-html4j,7b354fd0de6a8aeba13aab8264de1c974af5d9c0,7b354fd,
5191,8192759,git@github.com:apache/commons-jelly.git,https://github.com/apache/commons-jelly,48c008cc2328402e0976295625b32c5197ba2324,48c008c,
5197,7594784,git@github.com:spring-projects/spring-security-oauth.git,https://github.com/spring-projects/spring-security-oauth,bbae0027eceb2c74a21ac26bbc86142dc732ffbe,bbae002,
5280,4159107,git@github.com:apache/calcite-avatica.git,https://github.com/apache/calcite-avatica,9cf1a92c58f2fbac5ea5723f0b13e5bec436432b,9cf1a92,
5289,4240679,git@github.com:apache/commons-functor.git,https://github.com/apache/commons-functor,205fef6742c4e29748bb2d6e76c74fff0893f667,205fef6,
5310,4815345,git@github.com:apache/incubator-tez.git,https://github.com/apache/incubator-tez,e8dc9f72f9d720e5bdf7bb3005d904451a02ce2b,e8dc9f7,
5315,5997662,git@github.com:awslabs/amazon-kinesis-client.git,https://github.com/awslabs/amazon-kinesis-client,a6291857864fca86e05050f980ed322402363517,a629185,
5340,6578481,git@github.com:eclipse/xtext-web.git,https://github.com/eclipse/xtext-web,ff7aa71dbdf9f1abf4cf3e3911c17707293dfe49,ff7aa71,
5347,7696845,git@github.com:Tencent/RapidView.git,https://github.com/Tencent/RapidView,f813c627f8592bad0f9c24643ee53f73b738f1aa,f813c62,
5392,6542357,git@github.com:eclipse/xtext-lib.git,https://github.com/eclipse/xtext-lib,338fb2381278a5ea2cd24ba77d74e4889db56cfa,338fb23,
5478,4737430,git@github.com:apache/incubator-hivemall.git,https://github.com/apache/incubator-hivemall,37293f64789fbf94d83560374610c1e12db6988c,37293f6,
5490,5427653,git@github.com:apache/pivot.git,https://github.com/apache/pivot,568543f3396648a646341fe077a714eb06d556c0,568543f,
5501,5097474,git@github.com:apache/marmotta.git,https://github.com/apache/marmotta,28c9b8b0791ea1693578af302981a1358e56933d,28c9b8b,
5524,7471950,git@github.com:spring-projects/spring-data-mongodb.git,https://github.com/spring-projects/spring-data-mongodb,3eb9d790b94e5a40660ef9c5cb262cbe684bbdcb,3eb9d79,
5527,5214839,git@github.com:apache/nutch.git,https://github.com/apache/nutch,8bdec5e3ef77f816c616c978c775a0eb3b4a391a,8bdec5e,
5619,6364375,git@github.com:eclipse/microprofile-opentracing.git,https://github.com/eclipse/microprofile-opentracing,00dffbff44d9300ee7a21f8665b71637ca2a0105,00dffbf,
5624,5153171,git@github.com:apache/meecrowave.git,https://github.com/apache/meecrowave,d1392c88faf48c8a3a3c544949d6ebcdfbd25229,d1392c8,
5638,6641988,git@github.com:facebook/fresco.git,https://github.com/facebook/fresco,ec0664aa49280c5aef2595b68e4d37f4b49358eb,ec0664a,
5640,5158152,git@github.com:apache/maven.git,https://github.com/apache/maven,f5a13746e13e6225b28ef8ba6e16fc8f02946dd6,f5a1374,
5646,5245618,git@github.com:apache/olingo-odata4.git,https://github.com/apache/olingo-odata4,f344a3c565b6a67233de1d1169104a728136e7a3,f344a3c,
5658,4694033,git@github.com:apache/helix.git,https://github.com/apache/helix,0431ef007610093a5b8cde38649be8bfc056df43,0431ef0,
5698,7048486,git@github.com:linkedin/cruise-control.git,https://github.com/linkedin/cruise-control,d35af1b6d5a87046e6cd173948755a1e50faa531,d35af1b,
5706,5175864,git@github.com:apache/metron.git,https://github.com/apache/metron,17b31b48f59627a9e768a5cbe0be7ac55b5b04f8,17b31b4,
5738,7538561,git@github.com:spring-projects/spring-ldap.git,https://github.com/spring-projects/spring-ldap,6a9bde34811b87b5425c05068a31ff61d7e59170,6a9bde3,
5756,7689561,git@github.com:spring-projects/sts4.git,https://github.com/spring-projects/sts4,46e9e985b0c5e28ea1952d9fc640ec12fd9c8fdd,46e9e98,
5825,5819659,git@github.com:apache/uima-uimafit.git,https://github.com/apache/uima-uimafit,c98df465869d7f4f1d907d2821791edee762ed10,c98df46,
5979,7216175,git@github.com:rabbitmq/rabbitmq-jms-client.git,https://github.com/rabbitmq/rabbitmq-jms-client,2aa68092e85ab5e7d637ae97524d9edda4b31528,2aa6809,
5992,3763661,git@github.com:amzn/amazon-pay-sdk-java.git,https://github.com/amzn/amazon-pay-sdk-java,5a3547d00c796aab8f0c8ac12e0310f7a5c4678a,5a3547d,
5994,5735198,git@github.com:apache/systemml.git,https://github.com/apache/systemml,7fba4b29d653747a9ed038d282954a44fea3031c,7fba4b2,
6004,6612013,git@github.com:Esri/arcgis-runtime-samples-android.git,https://github.com/Esri/arcgis-runtime-samples-android,22b9a4c99c82a75a128b64703c0c1ffb2f9f5293,22b9a4c,
6026,5681626,git@github.com:apache/struts1.git,https://github.com/apache/struts1,02c9ff7485b1900515c6e0b32ed54ea46dd97d51,02c9ff7,
6035,7179618,git@github.com:oracle/opengrok.git,https://github.com/oracle/opengrok,bd2770a04a3eda7af19fae482d880d56cce0eeb9,bd2770a,
6056,4277815,git@github.com:apache/creadur-rat.git,https://github.com/apache/creadur-rat,271cb2fdf3d3dea168c09cab358d566db7549102,271cb2f,
6103,7351641,git@github.com:spring-projects/spring-data-book.git,https://github.com/spring-projects/spring-data-book,3a9d2e35184d5361f1d305f4eb84b5febf87b992,3a9d2e3,
6137,3904181,git@github.com:apache/ant.git,https://github.com/apache/ant,9722f062dc68d6c321faf751621162ac8444c585,9722f06,
6181,7446885,git@github.com:spring-projects/spring-data-jdbc.git,https://github.com/spring-projects/spring-data-jdbc,913238a822ed04a24dd03cb704fd03a454d34c01,913238a,
6226,4260510,git@github.com:apache/commons-proxy.git,https://github.com/apache/commons-proxy,838024d7d8193d181506568fec9e681b6e11e59a,838024d,
6233,5996376,git@github.com:awsdocs/aws-doc-sdk-examples.git,https://github.com/awsdocs/aws-doc-sdk-examples,0f9bfb8105a92c04550b49d2ebfc582315fd4a01,0f9bfb8,
6236,5299892,git@github.com:apache/parquet-mr.git,https://github.com/apache/parquet-mr,811310d01bfe3dcb4ca95aa8eed9ed6d806bf7c1,811310d,
6448,5865964,git@github.com:apache/velocity-tools.git,https://github.com/apache/velocity-tools,6b9432af060a83a1abff799ccf4c39048162ce50,6b9432a,
6485,8146289,git@github.com:alibaba/cobar.git,https://github.com/alibaba/cobar,bc36a14d4a3f8acc0db0b3b07a7db8d38afefda5,bc36a14,
6495,7000207,git@github.com:google/protobuf-dt.git,https://github.com/google/protobuf-dt,b41acf14172723a182cc92a7d078859abeb89b7c,b41acf1,
6497,5893758,git@github.com:apache/vxquery.git,https://github.com/apache/vxquery,5d1175d2cb04a54ba751295f2ac67daec38bf723,5d1175d,
6511,5985338,git@github.com:aws/aws-sdk-java-v2.git,https://github.com/aws/aws-sdk-java-v2,1d5d11e8087c93ab1a3a2d35193052e526fd123c,1d5d11e,
6542,4923223,git@github.com:apache/joshua.git,https://github.com/apache/joshua,e9cb9ebb495782f4ed238e08e64f5503085641fc,e9cb9eb,
6611,6276415,git@github.com:eclipse/jnosql-diana-driver.git,https://github.com/eclipse/jnosql-diana-driver,a0bfd26d956f016c1ffacb56044daca17cfe3e68,a0bfd26,
6656,4290693,git@github.com:apache/datafu.git,https://github.com/apache/datafu,3e52d11f75956ac3e6d2384816affeba565ab61d,3e52d11,
6689,6600361,git@github.com:epam/JDI.git,https://github.com/epam/JDI,199dba533f3659e840441c324c26cdbf5314ca85,199dba5,
6715,7258651,git@github.com:SAP/cf-java-client-sap.git,https://github.com/SAP/cf-java-client-sap,d82627cf3cf43bb556746e8a297338353b86a932,d82627c,
6720,5399317,git@github.com:apache/pig.git,https://github.com/apache/pig,17a4d1795ead1f2b4c62043eaf4739ed39ec2f3f,17a4d17,
6745,4727936,git@github.com:apache/incubator-edgent.git,https://github.com/apache/incubator-edgent,2e44089358175964650fed5e2bf4ad071b05b7d6,2e44089,
6762,4238437,git@github.com:apache/commons-digester.git,https://github.com/apache/commons-digester,1a39dff24947b3fdd1027fb611f91b8cfe7d1d56,1a39dff,
6777,5264883,git@github.com:apache/opennlp-sandbox.git,https://github.com/apache/opennlp-sandbox,37af4c6d42a9affba4f7c9bbc64175768750563f,37af4c6,
6802,8316315,git@github.com:Microsoft/azure-devops-intellij.git,https://github.com/Microsoft/azure-devops-intellij,d18eccf7a391fd5f2591bfed2458c28e907435da,d18eccf,
6884,5030132,git@github.com:apache/logging-log4j-audit.git,https://github.com/apache/logging-log4j-audit,e354306724ca815ad54575c8a4d07d5d5c93a2c1,e354306,
6935,5141876,git@github.com:apache/maven-plugins.git,https://github.com/apache/maven-plugins,a007e769ed5825774d5c31ec06c0013c8ee2b4d4,a007e76,
6957,4871882,git@github.com:apache/jackrabbit-oak.git,https://github.com/apache/jackrabbit-oak,fa85f54a065e01c0a1cb8c03af74194fdf521ddd,fa85f54,
6967,5982219,git@github.com:aws/aws-toolkit-eclipse.git,https://github.com/aws/aws-toolkit-eclipse,49026f53fdd4f80a7fb997c9e40fe6e638a26edc,49026f5,
7038,4214220,git@github.com:apache/commons-bsf.git,https://github.com/apache/commons-bsf,88b2601a3caecc32aba38f2b3980d646e9a1b698,88b2601,
7053,4747524,git@github.com:apache/incubator-omid.git,https://github.com/apache/incubator-omid,b7e005d41aa5c7421ddc77e0082b26c8bd21b207,b7e005d,
7111,7465368,git@github.com:spring-projects/spring-data-neo4j.git,https://github.com/spring-projects/spring-data-neo4j,bf5704c5f710656d30e93eae8b89ebedb1b920cc,bf5704c,
7149,4593407,git@github.com:apache/griffin.git,https://github.com/apache/griffin,1cf2a15452a9998da4ede6d61fe8a7138dd65341,1cf2a15,
7171,5190920,git@github.com:apache/mina-sshd.git,https://github.com/apache/mina-sshd,2fb7ebb487154283dd6dc5db88676c179ebb01e0,2fb7ebb,
7203,7153322,git@github.com:Microsoft/pai.git,https://github.com/Microsoft/pai,43269e7e5c95bea21d0ffae2e16f3e87de4b29b9,432690000000,
7216,7558669,git@github.com:spring-projects/spring-retry.git,https://github.com/spring-projects/spring-retry,e538399d7507145a4d171160be2d7afab294d4e3,e538399,
7283,7653125,git@github.com:spring-projects/spring-social-samples.git,https://github.com/spring-projects/spring-social-samples,18a08271b5532664c70a78d3e8b39ecb72a1eefe,18a0827,
7313,5450516,git@github.com:apache/portals-pluto.git,https://github.com/apache/portals-pluto,4db5ddd26fb2ce642be7b0894858e664c6076a3b,4db5ddd,
7517,3978398,git@github.com:apache/bahir-flink.git,https://github.com/apache/bahir-flink,45b6beb522ada24b644e11c470cb743551469ae1,45b6beb,
7539,5183069,git@github.com:apache/mina.git,https://github.com/apache/mina,daf2a33fed5fccb096ce75ab9263ec9a48561942,daf2a33,
7571,3711605,git@github.com:alibaba/java-dns-cache-manipulator.git,https://github.com/alibaba/java-dns-cache-manipulator,eab50ee5c27671f9159b55458301f9429b2fcc47,eab50ee,
7623,7143647,git@github.com:Microsoft/malmo.git,https://github.com/Microsoft/malmo,91b1a7a01ec0dd883f81a51048badac0398695f7,91b1a7a,
7637,4296219,git@github.com:apache/directory-fortress-commander.git,https://github.com/apache/directory-fortress-commander,73aadbad04fc9ec8b14faa2191c4c9545f3396a4,73aadba,
7731,7529982,git@github.com:spring-projects/Spring-Integration-in-Action.git,https://github.com/spring-projects/Spring-Integration-in-Action,f4c52d5ff803a3f50bd1df5a4dd438d811f9d2f0,f4c52d5,
7794,4271174,git@github.com:apache/commons-math.git,https://github.com/apache/commons-math,f3719d89ab6a928e8618bbe6a7da8214d9d6eb07,f3719d8,
7797,6999436,git@github.com:google/physical-web.git,https://github.com/google/physical-web,12604319e99b6d6dff451fc5a58a13a271f1dc7a,1260431,
7805,4251331,git@github.com:apache/commons-jexl.git,https://github.com/apache/commons-jexl,c39f4cf674000f45c23597fa945a0421aac79cbf,c39f4cf,
7852,3796929,git@github.com:apache/activemq-apollo.git,https://github.com/apache/activemq-apollo,8e4b134b2a5d3576aa62cd8df9905a9fe2eba2d0,8e4b134,
7868,7640985,git@github.com:spring-projects/spring-session.git,https://github.com/spring-projects/spring-session,a5a3bc5d0b57d396882199dfbf8cb560a355ca1e,a5a3bc5,
8005,7619400,git@github.com:spring-projects/spring-security-oauth2-boot.git,https://github.com/spring-projects/spring-security-oauth2-boot,1912610445fb381475544181f1c3647a2c7eeb23,1912610,
8010,4230466,git@github.com:apache/commons-configuration.git,https://github.com/apache/commons-configuration,34357e075d63c3634310878636f9498847badcab,34357,
8020,6772326,git@github.com:google/agera.git,https://github.com/google/agera,04045ccbf41ac5fc6806724127b33cbe0dda372c,04045cc,
8080,4757534,git@github.com:apache/incubator-plc4x.git,https://github.com/apache/incubator-plc4x,4fbfabf5a33198613b8478259ab85771c740fb0e,4fbfabf,
8147,7268617,git@github.com:SAP/cloud-espm-v2.git,https://github.com/SAP/cloud-espm-v2,a5254f2e6fea9b7226296fbe19eb30ab99192b8d,a5254f2,
8227,6259739,git@github.com:eclipse/january.git,https://github.com/eclipse/january,4f8e374b5b9a0271c1b387df5e0f7515fc5b661b,4f8e374,
8283,7722604,git@github.com:yandex/clickhouse-jdbc.git,https://github.com/yandex/clickhouse-jdbc,b0f66b311bd94a22bf6208918d438eff9c7d381c,b0f66b3,
8405,6032883,git@github.com:eclipse/che-ls-jdt.git,https://github.com/eclipse/che-ls-jdt,e01d6b73a3ddc947b425afedb7ced87fa4a5cc5f,e01d6b7,
8541,6016987,git@github.com:eclipse/aCute.git,https://github.com/eclipse/aCute,2fe8fac07c37a05fc0abddbe3f80012872720241,2fe8fac,
8612,6629910,git@github.com:Esri/defense-solutions-proofs-of-concept.git,https://github.com/Esri/defense-solutions-proofs-of-concept,107e74c00bf433948b6579092815858a4ffb7c08,107e74c,
8625,6893864,git@github.com:google/gcm.git,https://github.com/google/gcm,3ad5de6ff959ab0716d8d4516552241789f721c7,3ad5de6,
8657,3813750,git@github.com:apache/activemq-artemis.git,https://github.com/apache/activemq-artemis,5bd5c610195d6f4a3dd1ac28170727003f8a5a54,5bd5c61,
8693,5994992,git@github.com:awsdocs/amazon-s3-developer-guide.git,https://github.com/awsdocs/amazon-s3-developer-guide,038ef11c43698df29de7bb128522dc19a1b645ae,038ef11,
8739,4168008,git@github.com:apache/clerezza.git,https://github.com/apache/clerezza,ab278b609cfe1fee9704abb563679ae952bcc47f,ab278b6,
8824,4415977,git@github.com:apache/empire-db.git,https://github.com/apache/empire-db,933dce5536fe157cd6b5e924a2c623acfb6cb083,933dce5,
8851,6480563,git@github.com:eclipse/paho.mqtt.java.git,https://github.com/eclipse/paho.mqtt.java,5af7b53499e7dbe45b7227b3d41fc870089c0033,5af7b53,
8874,6788988,git@github.com:google/blockly-android.git,https://github.com/google/blockly-android,fb0a186576ad3f95b2a18440a6305a3db87a4825,fb0a186,
8964,4933806,git@github.com:apache/jspwiki.git,https://github.com/apache/jspwiki,820684992fa0b736505506d6810fdcdf7ad2dbb5,8206849,
8987,4771698,git@github.com:apache/incubator-samoa.git,https://github.com/apache/incubator-samoa,6e6bb1817927d5610d007606922a473882d593aa,6e6bb18,
8992,6035651,git@github.com:eclipse/cft.git,https://github.com/eclipse/cft,36e7a593b3a7d935e540f6632828b01f88842be6,36e7a59,
9015,5231896,git@github.com:apache/oodt.git,https://github.com/apache/oodt,9f2a500b9d061c31ccd71fc66c4d6e40f0c25acb,9f2a500,
9058,7450485,git@github.com:spring-projects/spring-data-keyvalue.git,https://github.com/spring-projects/spring-data-keyvalue,115731519c5135f481fdb32d083d9745a58f72b0,1157315,
9072,7942055,git@github.com:eclipse/texlipse.git,https://github.com/eclipse/texlipse,1bc72f856d4144ad0bc9baaa9575457bd7b68e1a,1bc72f8,
9168,4308354,git@github.com:apache/directory-ldap-api.git,https://github.com/apache/directory-ldap-api,5b93e102556ad2191b5d30411708410d1b1a9d71,5b93e10,
9199,6037459,git@github.com:eclipse/corrosion.git,https://github.com/eclipse/corrosion,dfb300cb1dc4c41984496cc7620790e2856aa6b6,dfb300c,
9218,7286228,git@github.com:spring-projects/eclipse-integration-commons.git,https://github.com/spring-projects/eclipse-integration-commons,22a559aedc8a0b98792e893a00d510b914849ca4,22a559a,
9228,4849963,git@github.com:apache/james-mime4j.git,https://github.com/apache/james-mime4j,68b2028c677b04af90d812e2ba200aa242b5e1d1,68b2028,
9432,5916449,git@github.com:apache/xmlbeans.git,https://github.com/apache/xmlbeans,20fd11dbee92d7a03299457588820c3c40af220d,20fd11d,
9852,5018622,git@github.com:apache/lens.git,https://github.com/apache/lens,f64a0f5984216a61f0a2c5ef90510a88390acde0,f64a0f5,
10060,6923657,git@github.com:google/google-java-format.git,https://github.com/google/google-java-format,df76e0c7fe82711c8600768fca19d0ebaf2ca3d2,df76e0c,
10075,4289354,git@github.com:apache/cxf-fediz.git,https://github.com/apache/cxf-fediz,553ae6e3adeb92b7d6300e5c0ad83ed6322e28bd,553ae6e,
10097,7279793,git@github.com:Shopify/graphql_java_gen.git,https://github.com/Shopify/graphql_java_gen,ce1e7c8ab2f0d4a61fe47e7308d6226a11d85627,ce1e7c8,
